Persona,PS,SUS,TLX,SH,Tau,Coherence,Utilization,Entropy,OSI,DT_avg,SER,CLI
Balanced,73.34886995394427,72.19019722398649,50.16078739539402,68.29933666508929,0.908831908831909,5.942236711554801,1.0,4.689945480290136,0.8758763694020434,2.0061529722333256,0.6,0.7456344788952515
Careful,96.44612430137134,79.63324642962323,39.88442842042707,84.13615039548722,1.0,7.947665783336757,1.0,4.735311429071366,0.928253499559395,3.004540304604653,0.8,0.8184604987921603
Fast,45.87095826882528,69.8257849029352,55.42681507235228,52.797851590822745,0.8017094017094019,4.079208081988228,1.0,4.645726457566587,0.8488645005544501,0.7982493559970641,0.5,0.6369223206878148
TrialError,54.91471367415869,64.92924292601452,60.08110205009257,54.919909304865186,0.8184615384615386,4.952948399889022,1.0,4.58300686328478,0.7372251801518991,1.509773109747495,0.4,0.7167613359075025
